{"is_source_file": false, "format": "", "description": "", "external_files": [], "external_methods": [], "published": [], "classes": [], "methods": [], "calls": [], "search-terms": [], "state": 2, "file_id": 2, "knowledge_revision": 13, "git_revision": "67c2b2139f3bc90982f861bf98730205fd9d7c1e", "hash": "d9d975cebe2ec20b6c652e1e4c12ccf0", "format-version": 4, "code-base-name": "candy_crush_frontend", "filename": "candy_crush_frontend/public/manifest.json", "revision_history": [{"13": "67c2b2139f3bc90982f861bf98730205fd9d7c1e"}]}