{"is_source_file": false, "format": "", "description": "", "external_files": [], "external_methods": [], "published": [], "classes": [], "methods": [], "calls": [], "search-terms": [], "state": 2, "file_id": 8, "knowledge_revision": 57, "git_revision": "5ea994019ab6dcdb8eec9f1a895f98cc00d55d91", "hash": "54877c8229b9b1c633a986ffc25ec183", "format-version": 4, "code-base-name": "candy_crush_frontend", "filename": "candy_crush_frontend/src/App.css", "revision_history": [{"57": "5ea994019ab6dcdb8eec9f1a895f98cc00d55d91"}]}