{"is_source_file": true, "format": "JavaScript (React JSX)", "description": "Entry point for the React frontend application, responsible for rendering the root component into the DOM.", "external_files": ["./index.css", "./App"], "external_methods": ["ReactDOM.createRoot", "root.render"], "published": [], "classes": [], "methods": [{"name": "ReactDOM.createRoot", "description": "Creates a root for rendering React components in the specified DOM element."}, {"name": "root.render", "description": "Renders React elements into the DOM via the created root."}], "calls": ["ReactDOM.createRoot", "root.render", "document.getElementById", "<React.StrictMode>", "<App />"], "search-terms": ["React", "ReactDOM", "index.js", "render", "root", "JSX", "React.StrictMode", "App component"], "state": 2, "file_id": 6, "knowledge_revision": 24, "git_revision": "67c2b2139f3bc90982f861bf98730205fd9d7c1e", "ctags": [{"_type": "tag", "name": "root", "path": "/home/kavia/workspace/code-generation/color-match-puzzle-199784-199794/candy_crush_frontend/src/index.js", "pattern": "/^const root = ReactDOM.createRoot(document.getElementById('root'));$/", "language": "JavaScript", "kind": "constant"}], "hash": "9fc5841375336fc175b49f8767a11383", "format-version": 4, "code-base-name": "candy_crush_frontend", "filename": "candy_crush_frontend/src/index.js", "revision_history": [{"24": "67c2b2139f3bc90982f861bf98730205fd9d7c1e"}]}