{"is_source_file": true, "format": "JavaScript", "description": "This file defines a React functional component named 'Candy' which renders a single candy cell in a Candy Crush style game grid. It imports React and a utility function to get candy types, and uses these to determine the display label and styling of the candy cell. The component renders a button with appropriate ARIA labels and classes based on its props.", "external_files": ["../utils/gameUtils"], "external_methods": ["getCandyTypes"], "published": ["default", "Candy"], "classes": [], "methods": [{"name": "Candy({ cell, index, isSelected, isClearing, onActivate, disabled })", "description": "React functional component that renders a candy cell as a button with styling and accessibility attributes.", "scope": "", "scopeKind": ""}], "calls": ["React", "getCandyTypes"], "search-terms": ["Candy", "Candy.js", "candy cell", "React component", "gameUtils"], "state": 2, "file_id": 15, "knowledge_revision": 32, "git_revision": "", "ctags": [{"_type": "tag", "name": "Candy", "path": "/home/kavia/workspace/code-generation/color-match-puzzle-199784-199794/candy_crush_frontend/src/components/Candy.js", "pattern": "/^export default function Candy({$/", "language": "JavaScript", "kind": "function", "signature": "({ cell, index, isSelected, isClearing, onActivate, disabled })"}, {"_type": "tag", "name": "[ \"cc-cell\", isSelected ? \"is-selected\" : \"\", isClearing ? \"is-clearing\" : \"\", cell?.isNew ? \"is-new\" : \"\" ]", "path": "/home/kavia/workspace/code-generation/color-match-puzzle-199784-199794/candy_crush_frontend/src/components/Candy.js", "pattern": "/^        \"cc-cell\",$/", "language": "JavaScript", "kind": "field", "scope": "Candy.className", "scopeKind": "class"}, {"_type": "tag", "name": "disabled", "path": "/home/kavia/workspace/code-generation/color-match-puzzle-199784-199794/candy_crush_frontend/src/components/Candy.js", "pattern": "/^      disabled={disabled}$/", "language": "JavaScript", "kind": "field", "scope": "Candy.disabled", "scopeKind": "class"}, {"_type": "tag", "name": "floor(index / 8) + 1}, Column ${(index % 8) + 1}, ${label}", "path": "/home/kavia/workspace/code-generation/color-match-puzzle-199784-199794/candy_crush_frontend/src/components/Candy.js", "pattern": "/^      aria-label={`Row ${Math.floor(index \\/ 8) + 1}, Column ${(index % 8) + 1}, ${label}`}$/", "language": "JavaScript", "kind": "field", "scope": "Candy.aria.Row ${Math", "scopeKind": "class"}, {"_type": "tag", "name": "isSelected", "path": "/home/kavia/workspace/code-generation/color-match-puzzle-199784-199794/candy_crush_frontend/src/components/Candy.js", "pattern": "/^      aria-pressed={isSelected ? \"true\" : \"false\"}$/", "language": "JavaScript", "kind": "field", "scope": "Candy.aria", "scopeKind": "class"}, {"_type": "tag", "name": "type", "path": "/home/kavia/workspace/code-generation/color-match-puzzle-199784-199794/candy_crush_frontend/src/components/Candy.js", "pattern": "/^        data-type={type || \"empty\"}$/", "language": "JavaScript", "kind": "field", "scope": "Candy.data", "scopeKind": "class"}], "hash": "0fd9c14981fdb90de3c768dfbbd83b1c", "format-version": 4, "code-base-name": "candy_crush_frontend", "filename": "candy_crush_frontend/src/components/Candy.js", "fields": [{"name": "\"cc-cell\",", "scope": "Candy.className", "scopeKind": "class", "description": "unavailable"}, {"name": "disabled={disabled}", "scope": "Candy.disabled", "scopeKind": "class", "description": "unavailable"}, {"name": "aria-label={`Row ${Math.floor(index \\/ 8) + 1}, Column ${(index % 8) + 1}, ${label}`}", "scope": "Candy.aria.Row ${Math", "scopeKind": "class", "description": "unavailable"}, {"name": "aria-pressed={isSelected ? \"true\" : \"false\"}", "scope": "Candy.aria", "scopeKind": "class", "description": "unavailable"}, {"name": "data-type={type || \"empty\"}", "scope": "Candy.data", "scopeKind": "class", "description": "unavailable"}], "revision_history": [{"32": ""}]}