{"is_source_file": false, "format": "", "description": "", "external_files": [], "external_methods": [], "published": [], "classes": [], "methods": [], "calls": [], "search-terms": [], "state": 2, "file_id": 3, "knowledge_revision": 14, "git_revision": "67c2b2139f3bc90982f861bf98730205fd9d7c1e", "hash": "d2b40d02d5f7873d8a6713bad837edd4", "format-version": 4, "code-base-name": "candy_crush_frontend", "filename": "candy_crush_frontend/public/index.html", "revision_history": [{"14": "67c2b2139f3bc90982f861bf98730205fd9d7c1e"}]}