{"is_source_file": true, "format": "JavaScript", "description": "This file provides utility functions for playing sound effects using WebAudio API, including creating sound players with different sound effects such as swap, invalid move, match, and level-up sounds.", "external_files": [], "external_methods": ["window.AudioContext", "window.webkitAudioContext", "setTimeout"], "published": ["createSoundPlayer"], "classes": [], "methods": [{"name": "ensureAudioCtx()", "description": "Ensures a singleton AudioContext instance exists, creating one if necessary.", "scope": "", "scopeKind": ""}, {"name": "playTone({ frequency, durationMs, type, volume })", "description": "Plays a tone with specified parameters such as frequency, duration, waveform type, and volume.", "scope": "", "scopeKind": ""}, {"name": "createSoundPlayer({ getMuted, getVolume })", "description": "Creates an object with methods to play various predefined sound effects, reading mute and volume states via callbacks.", "scope": "", "scopeKind": ""}], "calls": ["ensureAudioCtx", "playTone", "setTimeout"], "search-terms": ["sound effects", "WebAudio", "playTone", "createSoundPlayer", "muted", "volume", "oscillator", "gain", "triangle", "sawtooth", "square"], "state": 2, "file_id": 14, "knowledge_revision": 30, "git_revision": "", "ctags": [{"_type": "tag", "name": "audioCtx", "path": "/home/kavia/workspace/code-generation/color-match-puzzle-199784-199794/candy_crush_frontend/src/utils/sound.js", "pattern": "/^let audioCtx = null;$/", "language": "JavaScript", "kind": "variable"}, {"_type": "tag", "name": "createSoundPlayer", "path": "/home/kavia/workspace/code-generation/color-match-puzzle-199784-199794/candy_crush_frontend/src/utils/sound.js", "pattern": "/^export function createSoundPlayer({ getMuted, getVolume }) {$/", "language": "JavaScript", "kind": "function", "signature": "({ getMuted, getVolume })"}, {"_type": "tag", "name": "ensureAudioCtx", "path": "/home/kavia/workspace/code-generation/color-match-puzzle-199784-199794/candy_crush_frontend/src/utils/sound.js", "pattern": "/^function ensureAudioCtx() {$/", "language": "JavaScript", "kind": "function", "signature": "()"}, {"_type": "tag", "name": "playTone", "path": "/home/kavia/workspace/code-generation/color-match-puzzle-199784-199794/candy_crush_frontend/src/utils/sound.js", "pattern": "/^function playTone({ frequency, durationMs, type, volume }) {$/", "language": "JavaScript", "kind": "function", "signature": "({ frequency, durationMs, type, volume })"}], "hash": "8086f9c1e81abd9f33c82785b07a339b", "format-version": 4, "code-base-name": "candy_crush_frontend", "filename": "candy_crush_frontend/src/utils/sound.js", "fields": [{"name": "let audioCtx = null;", "scope": "", "scopeKind": "", "description": "unavailable"}], "revision_history": [{"30": ""}]}