{"is_source_file": false, "format": "", "description": "", "external_files": [], "external_methods": [], "published": [], "classes": [], "methods": [], "calls": [], "search-terms": [], "state": 2, "file_id": 8, "knowledge_revision": 42, "git_revision": "67c2b2139f3bc90982f861bf98730205fd9d7c1e", "hash": "dbd5210f788bf27937dcac191cf2e607", "format-version": 4, "code-base-name": "candy_crush_frontend", "filename": "candy_crush_frontend/src/App.css", "revision_history": [{"42": "67c2b2139f3bc90982f861bf98730205fd9d7c1e"}]}