{"is_source_file": true, "format": "JavaScript", "description": "This file contains utility functions for a Candy Crush-style game, including board initialization, candy manipulation, match detection, swapping, gravity mechanics, and scoring.", "external_files": [], "external_methods": [], "published": ["getBoardSize", "getCandyTypes", "areAdjacent", "createInitialBoard", "swapCells", "findMatches", "clearMatches", "applyGravityAndRefill", "scoreForMatchGroups", "wouldSwapCreateMatch"], "classes": [], "methods": [{"name": "getBoardSize()", "description": "Returns the fixed size of the game board (8x8).", "scope": "", "scopeKind": ""}, {"name": "getCandyTypes()", "description": "Returns the list of available candy types, each with id, label, and hue.", "scope": "", "scopeKind": ""}, {"name": "areAdjacent(aIdx, bIdx)", "description": "Determines if two cell indices are orthogonally adjacent on the board.", "scope": "", "scopeKind": ""}, {"name": "createInitialBoard()", "description": "Creates a new game board with randomly placed candies, ensuring no immediate matches.", "scope": "", "scopeKind": ""}, {"name": "swapCells(board, aIdx, bIdx)", "description": "Swaps two cells in the board, returning a new board state.", "scope": "", "scopeKind": ""}, {"name": "findMatches(board)", "description": "Identifies all horizontal and vertical matches of 3 or more candies.", "scope": "", "scopeKind": ""}, {"name": "clearMatches(board, matchedIndices)", "description": "Removes matched candies by setting their type to null, returning a new board.", "scope": "", "scopeKind": ""}, {"name": "applyGravityAndRefill(board)", "description": "Simulates gravity to let candies fall down and refills the top with new candies.", "scope": "", "scopeKind": ""}, {"name": "scoreForMatchGroups(matchGroups)", "description": "Calculates the score for matched groups according to their sizes.", "scope": "", "scopeKind": ""}, {"name": "wouldSwapCreateMatch(board, aIdx, bIdx)", "description": "Checks if swapping two candies would result in any matches.", "scope": "", "scopeKind": ""}, {"name": "cloneBoard(board)", "scope": "", "scopeKind": "", "description": "unavailable"}, {"name": "collectRun(board, startR, startC, dr, dc)", "scope": "", "scopeKind": "", "description": "unavailable"}, {"name": "randomCandyType()", "scope": "", "scopeKind": "", "description": "unavailable"}], "calls": ["makeCandyCell", "cloneBoard", "randomCandyType", "coordToIndex", "indexToCoord", "inBounds", "findMatches", "swapCells"], "search-terms": ["Candy Crush utils", "board creation", "match detection", "refill logic", "scoring", "cell swap"], "state": 2, "file_id": 13, "knowledge_revision": 28, "git_revision": "", "ctags": [{"_type": "tag", "name": "BOARD_SIZE", "path": "/home/kavia/workspace/code-generation/color-match-puzzle-199784-199794/candy_crush_frontend/src/utils/gameUtils.js", "pattern": "/^const BOARD_SIZE = 8;$/", "language": "JavaScript", "kind": "constant"}, {"_type": "tag", "name": "CANDY_TYPES", "path": "/home/kavia/workspace/code-generation/color-match-puzzle-199784-199794/candy_crush_frontend/src/utils/gameUtils.js", "pattern": "/^const CANDY_TYPES = [$/", "language": "JavaScript", "kind": "constant"}, {"_type": "tag", "name": "applyGravityAndRefill", "path": "/home/kavia/workspace/code-generation/color-match-puzzle-199784-199794/candy_crush_frontend/src/utils/gameUtils.js", "pattern": "/^export function applyGravityAndRefill(board) {$/", "language": "JavaScript", "kind": "function", "signature": "(board)"}, {"_type": "tag", "name": "areAdjacent", "path": "/home/kavia/workspace/code-generation/color-match-puzzle-199784-199794/candy_crush_frontend/src/utils/gameUtils.js", "pattern": "/^export function areAdjacent(aIdx, bIdx) {$/", "language": "JavaScript", "kind": "function", "signature": "(aIdx, bIdx)"}, {"_type": "tag", "name": "clearMatches", "path": "/home/kavia/workspace/code-generation/color-match-puzzle-199784-199794/candy_crush_frontend/src/utils/gameUtils.js", "pattern": "/^export function clearMatches(board, matchedIndices) {$/", "language": "JavaScript", "kind": "function", "signature": "(board, matchedIndices)"}, {"_type": "tag", "name": "cloneBoard", "path": "/home/kavia/workspace/code-generation/color-match-puzzle-199784-199794/candy_crush_frontend/src/utils/gameUtils.js", "pattern": "/^function cloneBoard(board) {$/", "language": "JavaScript", "kind": "function", "signature": "(board)"}, {"_type": "tag", "name": "collectRun", "path": "/home/kavia/workspace/code-generation/color-match-puzzle-199784-199794/candy_crush_frontend/src/utils/gameUtils.js", "pattern": "/^function collectRun(board, startR, startC, dr, dc) {$/", "language": "JavaScript", "kind": "function", "signature": "(board, startR, startC, dr, dc)"}, {"_type": "tag", "name": "coordToIndex", "path": "/home/kavia/workspace/code-generation/color-match-puzzle-199784-199794/candy_crush_frontend/src/utils/gameUtils.js", "pattern": "/^const coordToIndex = (r, c) => r * BOARD_SIZE + c;$/", "language": "JavaScript", "kind": "constant"}, {"_type": "tag", "name": "createInitialBoard", "path": "/home/kavia/workspace/code-generation/color-match-puzzle-199784-199794/candy_crush_frontend/src/utils/gameUtils.js", "pattern": "/^export function createInitialBoard() {$/", "language": "JavaScript", "kind": "function", "signature": "()"}, {"_type": "tag", "name": "findMatches", "path": "/home/kavia/workspace/code-generation/color-match-puzzle-199784-199794/candy_crush_frontend/src/utils/gameUtils.js", "pattern": "/^export function findMatches(board) {$/", "language": "JavaScript", "kind": "function", "signature": "(board)"}, {"_type": "tag", "name": "getBoardSize", "path": "/home/kavia/workspace/code-generation/color-match-puzzle-199784-199794/candy_crush_frontend/src/utils/gameUtils.js", "pattern": "/^export function getBoardSize() {$/", "language": "JavaScript", "kind": "function", "signature": "()"}, {"_type": "tag", "name": "getCandyTypes", "path": "/home/kavia/workspace/code-generation/color-match-puzzle-199784-199794/candy_crush_frontend/src/utils/gameUtils.js", "pattern": "/^export function getCandyTypes() {$/", "language": "JavaScript", "kind": "function", "signature": "()"}, {"_type": "tag", "name": "inBounds", "path": "/home/kavia/workspace/code-generation/color-match-puzzle-199784-199794/candy_crush_frontend/src/utils/gameUtils.js", "pattern": "/^const inBounds = (r, c) => r >= 0 && r < BOARD_SIZE && c >= 0 && c < BOARD_SIZE;$/", "language": "JavaScript", "kind": "constant"}, {"_type": "tag", "name": "indexToCoord", "path": "/home/kavia/workspace/code-generation/color-match-puzzle-199784-199794/candy_crush_frontend/src/utils/gameUtils.js", "pattern": "/^const indexToCoord = (idx) => ({$/", "language": "JavaScript", "kind": "constant"}, {"_type": "tag", "name": "makeCandyCell", "path": "/home/kavia/workspace/code-generation/color-match-puzzle-199784-199794/candy_crush_frontend/src/utils/gameUtils.js", "pattern": "/^const makeCandyCell = (type, { isNew = false } = {}) => ({$/", "language": "JavaScript", "kind": "constant"}, {"_type": "tag", "name": "makeId", "path": "/home/kavia/workspace/code-generation/color-match-puzzle-199784-199794/candy_crush_frontend/src/utils/gameUtils.js", "pattern": "/^const makeId = () => `${Date.now()}_${Math.random().toString(16).slice(2)}`;$/", "language": "JavaScript", "kind": "constant"}, {"_type": "tag", "name": "randInt", "path": "/home/kavia/workspace/code-generation/color-match-puzzle-199784-199794/candy_crush_frontend/src/utils/gameUtils.js", "pattern": "/^const randInt = (maxExclusive) => Math.floor(Math.random() * maxExclusive);$/", "language": "JavaScript", "kind": "constant"}, {"_type": "tag", "name": "randomCandyType", "path": "/home/kavia/workspace/code-generation/color-match-puzzle-199784-199794/candy_crush_frontend/src/utils/gameUtils.js", "pattern": "/^function randomCandyType() {$/", "language": "JavaScript", "kind": "function", "signature": "()"}, {"_type": "tag", "name": "scoreForMatchGroups", "path": "/home/kavia/workspace/code-generation/color-match-puzzle-199784-199794/candy_crush_frontend/src/utils/gameUtils.js", "pattern": "/^export function scoreForMatchGroups(matchGroups) {$/", "language": "JavaScript", "kind": "function", "signature": "(matchGroups)"}, {"_type": "tag", "name": "swapCells", "path": "/home/kavia/workspace/code-generation/color-match-puzzle-199784-199794/candy_crush_frontend/src/utils/gameUtils.js", "pattern": "/^export function swapCells(board, aIdx, bIdx) {$/", "language": "JavaScript", "kind": "function", "signature": "(board, aIdx, bIdx)"}, {"_type": "tag", "name": "wouldSwapCreateMatch", "path": "/home/kavia/workspace/code-generation/color-match-puzzle-199784-199794/candy_crush_frontend/src/utils/gameUtils.js", "pattern": "/^export function wouldSwapCreateMatch(board, aIdx, bIdx) {$/", "language": "JavaScript", "kind": "function", "signature": "(board, aIdx, bIdx)"}], "hash": "633162bef149807b743eae3abfbd2789", "format-version": 4, "code-base-name": "candy_crush_frontend", "filename": "candy_crush_frontend/src/utils/gameUtils.js", "revision_history": [{"28": ""}]}