{"is_source_file": true, "format": "JavaScript (React JSX)", "description": "This file defines the main React component for a Candy Crush-like game, managing game state, handling user interactions, and composing child components like the game board, controls, HUD, and settings modal. It also imports utilities for game logic and sound effects.", "external_files": ["./components/Controls", "./components/GameBoard", "./components/HUD", "./components/SettingsModal", "./utils/gameUtils", "./utils/sound", "./App.css"], "external_methods": ["createInitialBoard", "findMatches", "clearMatches", "applyGravityAndRefill", "scoreForMatchGroups", "swapCells", "wouldSwapCreateMatch", "createSoundPlayer"], "published": ["App"], "classes": [], "methods": [{"name": "targetScoreForLevel(level)", "description": "Calculates the target score for the given level based on a formula.", "scope": "", "scopeKind": ""}, {"name": "sleep(ms)", "description": "Utility function to pause execution for a specified number of milliseconds.", "scope": "", "scopeKind": ""}, {"name": "startNewGame", "description": "Resets the game state to start a new game."}, {"name": "startNextLevel", "description": "Advances the game to the next level, resetting necessary state."}, {"name": "resolveBoard", "description": "Handles clearing matches, updating score, and applying gravity and refill until stable."}, {"name": "handleCellActivate", "description": "Handles user clicking on a cell, managing selection, swap validation, and triggering match resolution."}, {"name": "App()", "scope": "", "scopeKind": "", "description": "unavailable"}], "calls": ["createSoundPlayer", "findMatches", "clearMatches", "scoreForMatchGroups", "applyGravityAndRefill", "swapCells", "wouldSwapCreateMatch", "setTimeout", "sleep", "setBoard", "setScore", "setLevel", "setMovesLeft", "setSelectedIndex", "setClearingSet", "setIsBusy", "setSettingsOpen", "setMuted", "setVolume", "setReducedMotion"], "search-terms": ["React", "Candy Crush", "game state management", "match-3", "game logic", "component composition", "useEffect", "useState", "gameUtils", "sound effects", "game board", "UI controls"], "state": 2, "file_id": 10, "knowledge_revision": 41, "git_revision": "67c2b2139f3bc90982f861bf98730205fd9d7c1e", "revision_history": [{"25": "67c2b2139f3bc90982f861bf98730205fd9d7c1e"}, {"41": "67c2b2139f3bc90982f861bf98730205fd9d7c1e"}], "ctags": [{"_type": "tag", "name": "App", "path": "/home/kavia/workspace/code-generation/color-match-puzzle-199784-199794/candy_crush_frontend/src/App.js", "pattern": "/^function App() {$/", "language": "JavaScript", "kind": "function", "signature": "()"}, {"_type": "tag", "name": "INITIAL_MOVES", "path": "/home/kavia/workspace/code-generation/color-match-puzzle-199784-199794/candy_crush_frontend/src/App.js", "pattern": "/^const INITIAL_MOVES = 20;$/", "language": "JavaScript", "kind": "constant"}, {"_type": "tag", "name": "board", "path": "/home/kavia/workspace/code-generation/color-match-puzzle-199784-199794/candy_crush_frontend/src/App.js", "pattern": "/^            board={board}$/", "language": "JavaScript", "kind": "field", "scope": "App.board", "scopeKind": "class"}, {"_type": "tag", "name": "clearingSet", "path": "/home/kavia/workspace/code-generation/color-match-puzzle-199784-199794/candy_crush_frontend/src/App.js", "pattern": "/^            clearingSet={clearingSet}$/", "language": "JavaScript", "kind": "field", "scope": "App.clearingSet", "scopeKind": "class"}, {"_type": "tag", "name": "handleCellActivate", "path": "/home/kavia/workspace/code-generation/color-match-puzzle-199784-199794/candy_crush_frontend/src/App.js", "pattern": "/^            onCellActivate={handleCellActivate}$/", "language": "JavaScript", "kind": "field", "scope": "App.onCellActivate", "scopeKind": "class"}, {"_type": "tag", "name": "isBusy", "path": "/home/kavia/workspace/code-generation/color-match-puzzle-199784-199794/candy_crush_frontend/src/App.js", "pattern": "/^            disabled={isBusy || settingsOpen || !canMove}$/", "language": "JavaScript", "kind": "field", "scope": "App.disabled", "scopeKind": "class"}, {"_type": "tag", "name": "isBusy", "path": "/home/kavia/workspace/code-generation/color-match-puzzle-199784-199794/candy_crush_frontend/src/App.js", "pattern": "/^            isBusy={isBusy}$/", "language": "JavaScript", "kind": "field", "scope": "App.isBusy", "scopeKind": "class"}, {"_type": "tag", "name": "movesLeft", "path": "/home/kavia/workspace/code-generation/color-match-puzzle-199784-199794/candy_crush_frontend/src/App.js", "pattern": "/^            movesLeft={movesLeft}$/", "language": "JavaScript", "kind": "field", "scope": "App.movesLeft", "scopeKind": "class"}, {"_type": "tag", "name": "muted", "path": "/home/kavia/workspace/code-generation/color-match-puzzle-199784-199794/candy_crush_frontend/src/App.js", "pattern": "/^          muted={muted}$/", "language": "JavaScript", "kind": "field", "scope": "App.muted", "scopeKind": "class"}, {"_type": "tag", "name": "reducedMotion", "path": "/home/kavia/workspace/code-generation/color-match-puzzle-199784-199794/candy_crush_frontend/src/App.js", "pattern": "/^          reducedMotion={reducedMotion}$/", "language": "JavaScript", "kind": "field", "scope": "App.reducedMotion", "scopeKind": "class"}, {"_type": "tag", "name": "selectedIndex", "path": "/home/kavia/workspace/code-generation/color-match-puzzle-199784-199794/candy_crush_frontend/src/App.js", "pattern": "/^            selectedIndex={selectedIndex}$/", "language": "JavaScript", "kind": "field", "scope": "App.selectedIndex", "scopeKind": "class"}, {"_type": "tag", "name": "setMuted", "path": "/home/kavia/workspace/code-generation/color-match-puzzle-199784-199794/candy_crush_frontend/src/App.js", "pattern": "/^          onMutedChange={setMuted}$/", "language": "JavaScript", "kind": "field", "scope": "App.onMutedChange", "scopeKind": "class"}, {"_type": "tag", "name": "setReducedMotion", "path": "/home/kavia/workspace/code-generation/color-match-puzzle-199784-199794/candy_crush_frontend/src/App.js", "pattern": "/^          onReducedMotionChange={setReducedMotion}$/", "language": "JavaScript", "kind": "field", "scope": "App.onReducedMotionChange", "scopeKind": "class"}, {"_type": "tag", "name": "setVolume", "path": "/home/kavia/workspace/code-generation/color-match-puzzle-199784-199794/candy_crush_frontend/src/App.js", "pattern": "/^          onVolumeChange={setVolume}$/", "language": "JavaScript", "kind": "field", "scope": "App.onVolumeChange", "scopeKind": "class"}, {"_type": "tag", "name": "settingsOpen", "path": "/home/kavia/workspace/code-generation/color-match-puzzle-199784-199794/candy_crush_frontend/src/App.js", "pattern": "/^          open={settingsOpen}$/", "language": "JavaScript", "kind": "field", "scope": "App.open", "scopeKind": "class"}, {"_type": "tag", "name": "sleep", "path": "/home/kavia/workspace/code-generation/color-match-puzzle-199784-199794/candy_crush_frontend/src/App.js", "pattern": "/^function sleep(ms) {$/", "language": "JavaScript", "kind": "function", "signature": "(ms)"}, {"_type": "tag", "name": "startNewGame", "path": "/home/kavia/workspace/code-generation/color-match-puzzle-199784-199794/candy_crush_frontend/src/App.js", "pattern": "/^            onNewGame={startNewGame}$/", "language": "JavaScript", "kind": "field", "scope": "App.onNewGame", "scopeKind": "class"}, {"_type": "tag", "name": "targetScoreForLevel", "path": "/home/kavia/workspace/code-generation/color-match-puzzle-199784-199794/candy_crush_frontend/src/App.js", "pattern": "/^function targetScoreForLevel(level) {$/", "language": "JavaScript", "kind": "function", "signature": "(level)"}, {"_type": "tag", "name": "volume", "path": "/home/kavia/workspace/code-generation/color-match-puzzle-199784-199794/candy_crush_frontend/src/App.js", "pattern": "/^          volume={volume}$/", "language": "JavaScript", "kind": "field", "scope": "App.volume", "scopeKind": "class"}], "hash": "55d41f9b508aa32f20f52303d1528dd2", "format-version": 4, "code-base-name": "candy_crush_frontend", "filename": "candy_crush_frontend/src/App.js", "fields": [{"name": "board={board}", "scope": "App.board", "scopeKind": "class", "description": "unavailable"}, {"name": "clearingSet={clearingSet}", "scope": "App.clearingSet", "scopeKind": "class", "description": "unavailable"}, {"name": "onCellActivate={handleCellActivate}", "scope": "App.onCellActivate", "scopeKind": "class", "description": "unavailable"}, {"name": "disabled={isBusy || settingsOpen || !canMove}", "scope": "App.disabled", "scopeKind": "class", "description": "unavailable"}, {"name": "isBusy={isBusy}", "scope": "App.isBusy", "scopeKind": "class", "description": "unavailable"}, {"name": "movesLeft={movesLeft}", "scope": "App.movesLeft", "scopeKind": "class", "description": "unavailable"}, {"name": "muted={muted}", "scope": "App.muted", "scopeKind": "class", "description": "unavailable"}, {"name": "reducedMotion={reducedMotion}", "scope": "App.reducedMotion", "scopeKind": "class", "description": "unavailable"}, {"name": "selectedIndex={selectedIndex}", "scope": "App.selectedIndex", "scopeKind": "class", "description": "unavailable"}, {"name": "onMutedChange={setMuted}", "scope": "App.onMutedChange", "scopeKind": "class", "description": "unavailable"}, {"name": "onReducedMotionChange={setReducedMotion}", "scope": "App.onReducedMotionChange", "scopeKind": "class", "description": "unavailable"}, {"name": "onVolumeChange={setVolume}", "scope": "App.onVolumeChange", "scopeKind": "class", "description": "unavailable"}, {"name": "open={settingsOpen}", "scope": "App.open", "scopeKind": "class", "description": "unavailable"}, {"name": "onNewGame={startNewGame}", "scope": "App.onNewGame", "scopeKind": "class", "description": "unavailable"}, {"name": "volume={volume}", "scope": "App.volume", "scopeKind": "class", "description": "unavailable"}]}