{"is_source_file": true, "format": "JavaScript (React JSX)", "description": "This file defines a React functional component named Candy, which renders an individual candy cell as an accessible button within a game grid. It imports utility functions and constructs a type map for rendering candy types.", "external_files": ["../utils/gameUtils"], "external_methods": ["getCandyTypes"], "published": ["Candy"], "classes": [], "methods": [{"name": "Candy( { cell, index, isSelected, isClearing, onActivate, disabled, swapPhase, swapDir, isInvalid, invalidNonce }, ref )", "description": "React forwardRef component that renders a candy cell as an accessible button with dynamic classes and aria attributes based on its props.", "scope": "", "scopeKind": ""}], "calls": ["React.forwardRef", "getCandyTypes", "Array.prototype.map", "Object.fromEntries"], "search-terms": ["Candy component", "Candy React button", "gameUtils getCandyTypes", "candy cell rendering", "accessible game grid"], "state": 2, "file_id": 15, "knowledge_revision": 55, "git_revision": "2e10243167655e7c42f41116d157ab19cec7e14f", "revision_history": [{"32": ""}, {"45": "5ea994019ab6dcdb8eec9f1a895f98cc00d55d91"}, {"55": "2e10243167655e7c42f41116d157ab19cec7e14f"}], "ctags": [{"_type": "tag", "name": "Candy", "path": "/home/kavia/workspace/code-generation/color-match-puzzle-199784-199794/candy_crush_frontend/src/components/Candy.js", "pattern": "/^const Candy = React.forwardRef(function Candy($/", "language": "JavaScript", "kind": "constant"}, {"_type": "tag", "name": "Candy", "path": "/home/kavia/workspace/code-generation/color-match-puzzle-199784-199794/candy_crush_frontend/src/components/Candy.js", "pattern": "/^const Candy = React.forwardRef(function Candy($/", "language": "JavaScript", "kind": "function", "signature": "( { cell, index, isSelected, isClearing, onActivate, disabled, swapPhase, swapDir, isInvalid, invalidNonce }, ref )"}, {"_type": "tag", "name": "[ \"cc-cell\", isSelected ? \"is-selected\" : \"\", isClearing ? \"is-clearing\" : \"\", cell?.isNew ? \"is-new\" : \"\", swapPhase ? `is-${swapPhase}` : \"\", swapDir ? `swap-${swapDir}` : \"\", isInvalid ? \"is-invalid\" : \"\" ]", "path": "/home/kavia/workspace/code-generation/color-match-puzzle-199784-199794/candy_crush_frontend/src/components/Candy.js", "pattern": "/^        \"cc-cell\",$/", "language": "JavaScript", "kind": "field", "scope": "Candy.className", "scopeKind": "class"}, {"_type": "tag", "name": "disabled", "path": "/home/kavia/workspace/code-generation/color-match-puzzle-199784-199794/candy_crush_frontend/src/components/Candy.js", "pattern": "/^      disabled={disabled}$/", "language": "JavaScript", "kind": "field", "scope": "Candy.disabled", "scopeKind": "class"}, {"_type": "tag", "name": "floor(index / 8) + 1}, Column ${(index % 8) + 1}, ${label}", "path": "/home/kavia/workspace/code-generation/color-match-puzzle-199784-199794/candy_crush_frontend/src/components/Candy.js", "pattern": "/^      aria-label={`Row ${Math.floor(index \\/ 8) + 1}, Column ${(index % 8) + 1}, ${label}`}$/", "language": "JavaScript", "kind": "field", "scope": "Candy.aria.Row ${Math", "scopeKind": "class"}, {"_type": "tag", "name": "isInvalid", "path": "/home/kavia/workspace/code-generation/color-match-puzzle-199784-199794/candy_crush_frontend/src/components/Candy.js", "pattern": "/^      data-invalid-nonce={isInvalid ? invalidNonce : undefined}$/", "language": "JavaScript", "kind": "field", "scope": "Candy.data", "scopeKind": "class"}, {"_type": "tag", "name": "isSelected", "path": "/home/kavia/workspace/code-generation/color-match-puzzle-199784-199794/candy_crush_frontend/src/components/Candy.js", "pattern": "/^      aria-pressed={isSelected ? \"true\" : \"false\"}$/", "language": "JavaScript", "kind": "field", "scope": "Candy.aria", "scopeKind": "class"}, {"_type": "tag", "name": "ref", "path": "/home/kavia/workspace/code-generation/color-match-puzzle-199784-199794/candy_crush_frontend/src/components/Candy.js", "pattern": "/^      ref={ref}$/", "language": "JavaScript", "kind": "field", "scope": "Candy.ref", "scopeKind": "class"}], "hash": "606105663187c9172596f8128bd3c575", "format-version": 4, "code-base-name": "candy_crush_frontend", "filename": "candy_crush_frontend/src/components/Candy.js", "fields": [{"name": "\"cc-cell\",", "scope": "Candy.className", "scopeKind": "class", "description": "unavailable"}, {"name": "disabled={disabled}", "scope": "Candy.disabled", "scopeKind": "class", "description": "unavailable"}, {"name": "aria-label={`Row ${Math.floor(index \\/ 8) + 1}, Column ${(index % 8) + 1}, ${label}`}", "scope": "Candy.aria.Row ${Math", "scopeKind": "class", "description": "unavailable"}, {"name": "data-invalid-nonce={isInvalid ? invalidNonce : undefined}", "scope": "Candy.data", "scopeKind": "class", "description": "unavailable"}, {"name": "aria-pressed={isSelected ? \"true\" : \"false\"}", "scope": "Candy.aria", "scopeKind": "class", "description": "unavailable"}, {"name": "ref={ref}", "scope": "Candy.ref", "scopeKind": "class", "description": "unavailable"}]}