{"is_source_file": true, "format": "JavaScript (React JSX)", "description": "This file defines the GameBoard React component, which renders an 8x8 grid of Candy components for a Candy Crush-like puzzle game. It manages keyboard navigation, selection, swapping animation metadata, and visual states such as clearing and invalid cells.", "external_files": ["./Candy", "../utils/gameUtils"], "external_methods": ["getBoardSize"], "published": ["default"], "classes": [], "methods": [{"name": "clamp(n, min, max)", "description": "Utility function to constrain a number between min and max.", "scope": "", "scopeKind": ""}, {"name": "GameBoard({ board, selectedIndex, clearingSet, onCellActivate, disabled, swapPhase, swapPair, invalidPulse })", "description": "Main React component rendering the game grid with keyboard support and cell activation handling.", "scope": "", "scopeKind": ""}], "calls": ["React.useEffect", "React.useMemo", "React.useRef", "React.useState", "Candy", "getBoardSize"], "search-terms": ["GameBoard", "Candy", "board navigation", "8x8 grid", "keyboard handling", "swap animation", "cell focus", "React component"], "state": 2, "file_id": 16, "knowledge_revision": 54, "git_revision": "5ea994019ab6dcdb8eec9f1a895f98cc00d55d91", "revision_history": [{"34": ""}, {"54": "5ea994019ab6dcdb8eec9f1a895f98cc00d55d91"}], "ctags": [{"_type": "tag", "name": "BOARD_SIZE", "path": "/home/kavia/workspace/code-generation/color-match-puzzle-199784-199794/candy_crush_frontend/src/components/GameBoard.js", "pattern": "/^        aria-colcount={BOARD_SIZE}$/", "language": "JavaScript", "kind": "field", "scope": "GameBoard.aria", "scopeKind": "class"}, {"_type": "tag", "name": "BOARD_SIZE", "path": "/home/kavia/workspace/code-generation/color-match-puzzle-199784-199794/candy_crush_frontend/src/components/GameBoard.js", "pattern": "/^        aria-rowcount={BOARD_SIZE}$/", "language": "JavaScript", "kind": "field", "scope": "GameBoard.aria", "scopeKind": "class"}, {"_type": "tag", "name": "BOARD_SIZE", "path": "/home/kavia/workspace/code-generation/color-match-puzzle-199784-199794/candy_crush_frontend/src/components/GameBoard.js", "pattern": "/^const BOARD_SIZE = getBoardSize();$/", "language": "JavaScript", "kind": "constant"}, {"_type": "tag", "name": "GameBoard", "path": "/home/kavia/workspace/code-generation/color-match-puzzle-199784-199794/candy_crush_frontend/src/components/GameBoard.js", "pattern": "/^export default function GameBoard({$/", "language": "JavaScript", "kind": "function", "signature": "({ board, selectedIndex, clearingSet, onCellActivate, disabled, swapPhase, swapPair, invalidPulse })"}, {"_type": "tag", "name": "clamp", "path": "/home/kavia/workspace/code-generation/color-match-puzzle-199784-199794/candy_crush_frontend/src/components/GameBoard.js", "pattern": "/^function clamp(n, min, max) {$/", "language": "JavaScript", "kind": "function", "signature": "(n, min, max)"}, {"_type": "tag", "name": "onKeyDown", "path": "/home/kavia/workspace/code-generation/color-match-puzzle-199784-199794/candy_crush_frontend/src/components/GameBoard.js", "pattern": "/^        onKeyDown={onKeyDown}$/", "language": "JavaScript", "kind": "field", "scope": "GameBoard.onKeyDown", "scopeKind": "class"}], "hash": "028aff03e26b40aaa151fbea9dc0e6ef", "format-version": 4, "code-base-name": "candy_crush_frontend", "filename": "candy_crush_frontend/src/components/GameBoard.js", "fields": [{"name": "aria-colcount={BOARD_SIZE}", "scope": "GameBoard.aria", "scopeKind": "class", "description": "unavailable"}, {"name": "aria-rowcount={BOARD_SIZE}", "scope": "GameBoard.aria", "scopeKind": "class", "description": "unavailable"}, {"name": "onKeyDown={onKeyDown}", "scope": "GameBoard.onKeyDown", "scopeKind": "class", "description": "unavailable"}]}