{"is_source_file": false, "format": "", "description": "", "external_files": [], "external_methods": [], "published": [], "classes": [], "methods": [], "calls": [], "search-terms": [], "state": 2, "file_id": 4, "knowledge_revision": 18, "git_revision": "67c2b2139f3bc90982f861bf98730205fd9d7c1e", "hash": "ebece526bc2eadd78ddd787a76c56607", "format-version": 4, "code-base-name": "candy_crush_frontend", "filename": "candy_crush_frontend/README.md", "revision_history": [{"18": "67c2b2139f3bc90982f861bf98730205fd9d7c1e"}]}