{"is_source_file": false, "format": "", "description": "", "external_files": [], "external_methods": [], "published": [], "classes": [], "methods": [], "calls": [], "search-terms": [], "state": 2, "file_id": 12, "knowledge_revision": 23, "git_revision": "67c2b2139f3bc90982f861bf98730205fd9d7c1e", "hash": "be6538e7523bc2e9da0743133d784136", "format-version": 4, "code-base-name": "candy_crush_frontend", "filename": "candy_crush_frontend/eslint.config.mjs", "revision_history": [{"23": "67c2b2139f3bc90982f861bf98730205fd9d7c1e"}]}