{"is_source_file": false, "format": "", "description": "", "external_files": [], "external_methods": [], "published": [], "classes": [], "methods": [], "calls": [], "search-terms": ["index.css", "CSS styling", "candy_crush_frontend"], "state": 2, "file_id": 7, "knowledge_revision": 43, "git_revision": "67c2b2139f3bc90982f861bf98730205fd9d7c1e", "hash": "0c39eab5af1191dca9b3ac83f6a4c4d1", "format-version": 4, "code-base-name": "candy_crush_frontend", "filename": "candy_crush_frontend/src/index.css", "revision_history": [{"43": "67c2b2139f3bc90982f861bf98730205fd9d7c1e"}]}