{"is_source_file": true, "format": "JavaScript (React JSX)", "description": "This file defines a React functional component Candy, which renders a candy cell in a color-matching game. It utilizes external utilities to get candy types and dynamically renders a button with appropriate accessibility attributes and styling based on component props.", "external_files": ["../utils/gameUtils"], "external_methods": ["getCandyTypes"], "published": ["Candy"], "classes": [], "methods": [{"name": "Candy( { cell, index, isSelected, isClearing, onActivate, disabled }, ref )", "description": "React functional component that renders a candy cell as a button with dynamic styling, labels, and accessibility features.", "scope": "", "scopeKind": ""}], "calls": ["getCandyTypes"], "search-terms": ["Candy", "Candy.js", "React component", "candy cell button", "gameUtils", "getCandyTypes", "color-match", "candy types", "cell rendering"], "state": 2, "file_id": 15, "knowledge_revision": 45, "git_revision": "5ea994019ab6dcdb8eec9f1a895f98cc00d55d91", "revision_history": [{"32": ""}, {"45": "5ea994019ab6dcdb8eec9f1a895f98cc00d55d91"}], "ctags": [{"_type": "tag", "name": "Candy", "path": "/home/kavia/workspace/code-generation/color-match-puzzle-199784-199794/candy_crush_frontend/src/components/Candy.js", "pattern": "/^const Candy = React.forwardRef(function Candy($/", "language": "JavaScript", "kind": "constant"}, {"_type": "tag", "name": "Candy", "path": "/home/kavia/workspace/code-generation/color-match-puzzle-199784-199794/candy_crush_frontend/src/components/Candy.js", "pattern": "/^const Candy = React.forwardRef(function Candy($/", "language": "JavaScript", "kind": "function", "signature": "( { cell, index, isSelected, isClearing, onActivate, disabled }, ref )"}, {"_type": "tag", "name": "[ \"cc-cell\", isSelected ? \"is-selected\" : \"\", isClearing ? \"is-clearing\" : \"\", cell?.isNew ? \"is-new\" : \"\" ]", "path": "/home/kavia/workspace/code-generation/color-match-puzzle-199784-199794/candy_crush_frontend/src/components/Candy.js", "pattern": "/^        \"cc-cell\",$/", "language": "JavaScript", "kind": "field", "scope": "Candy.className", "scopeKind": "class"}, {"_type": "tag", "name": "disabled", "path": "/home/kavia/workspace/code-generation/color-match-puzzle-199784-199794/candy_crush_frontend/src/components/Candy.js", "pattern": "/^      disabled={disabled}$/", "language": "JavaScript", "kind": "field", "scope": "Candy.disabled", "scopeKind": "class"}, {"_type": "tag", "name": "floor(index / 8) + 1}, Column ${(index % 8) + 1}, ${label}", "path": "/home/kavia/workspace/code-generation/color-match-puzzle-199784-199794/candy_crush_frontend/src/components/Candy.js", "pattern": "/^      aria-label={`Row ${Math.floor(index \\/ 8) + 1}, Column ${(index % 8) + 1}, ${label}`}$/", "language": "JavaScript", "kind": "field", "scope": "Candy.aria.Row ${Math", "scopeKind": "class"}, {"_type": "tag", "name": "isSelected", "path": "/home/kavia/workspace/code-generation/color-match-puzzle-199784-199794/candy_crush_frontend/src/components/Candy.js", "pattern": "/^      aria-pressed={isSelected ? \"true\" : \"false\"}$/", "language": "JavaScript", "kind": "field", "scope": "Candy.aria", "scopeKind": "class"}, {"_type": "tag", "name": "ref", "path": "/home/kavia/workspace/code-generation/color-match-puzzle-199784-199794/candy_crush_frontend/src/components/Candy.js", "pattern": "/^      ref={ref}$/", "language": "JavaScript", "kind": "field", "scope": "Candy.ref", "scopeKind": "class"}], "hash": "b59c7a9b2a8fe48a881a8b21d40fe243", "format-version": 4, "code-base-name": "candy_crush_frontend", "filename": "candy_crush_frontend/src/components/Candy.js", "fields": [{"name": "\"cc-cell\",", "scope": "Candy.className", "scopeKind": "class", "description": "unavailable"}, {"name": "disabled={disabled}", "scope": "Candy.disabled", "scopeKind": "class", "description": "unavailable"}, {"name": "aria-label={`Row ${Math.floor(index \\/ 8) + 1}, Column ${(index % 8) + 1}, ${label}`}", "scope": "Candy.aria.Row ${Math", "scopeKind": "class", "description": "unavailable"}, {"name": "aria-pressed={isSelected ? \"true\" : \"false\"}", "scope": "Candy.aria", "scopeKind": "class", "description": "unavailable"}, {"name": "ref={ref}", "scope": "Candy.ref", "scopeKind": "class", "description": "unavailable"}]}