{"is_source_file": true, "format": "JavaScript (React JSX)", "description": "Main application component for a match-3 style game, managing overall game state, UI composition, and interactions. Implements game logic such as starting new games, handling user interactions, swap animations, match detection, cascading, scoring, level progression, and sound effects integration.", "external_files": ["./components/Controls", "./components/GameBoard", "./components/HUD", "./components/SettingsModal", "./utils/gameUtils", "./utils/sound"], "external_methods": ["createInitialBoard", "findMatches", "clearMatches", "applyGravityAndRefill", "scoreForMatchGroups", "swapCells", "areAdjacent"], "published": ["App"], "classes": [], "methods": [{"name": "targetScoreForLevel(level)", "description": "Calculates the target score needed to complete the current level based on the level number.", "scope": "", "scopeKind": ""}, {"name": "sleep(ms)", "description": "Returns a promise that resolves after the specified number of milliseconds, used to create delays in game animations and flow.", "scope": "", "scopeKind": ""}, {"name": "startNewGame", "description": "Resets the game state to initial conditions, starting a new game session."}, {"name": "startNextLevel", "description": "Advances the game to the next level, resets move count, and creates a new game board."}, {"name": "resolveBoard", "description": "Continuously clears matched tiles and applies gravity until no more matches are found, managing cascading effects."}, {"name": "handleCellActivate", "description": "Handles user interaction when a cell is clicked: manages selection, attempts swaps, triggers match resolution, and handles invalid moves."}, {"name": "App()", "scope": "", "scopeKind": "", "description": "unavailable"}], "calls": ["createSoundPlayer", "setAttribute", "setTimeout", "swapCells", "findMatches", "clearMatches", "applyGravityAndRefill", "scoreForMatchGroups"], "search-terms": ["App", "match-3", "game state", "swap logic", "match detection", "cascading", "score", "level progression", "sound integration", "React hooks"], "state": 2, "file_id": 10, "knowledge_revision": 53, "git_revision": "2e10243167655e7c42f41116d157ab19cec7e14f", "revision_history": [{"25": "67c2b2139f3bc90982f861bf98730205fd9d7c1e"}, {"41": "67c2b2139f3bc90982f861bf98730205fd9d7c1e"}, {"46": "5ea994019ab6dcdb8eec9f1a895f98cc00d55d91"}, {"47": "5ea994019ab6dcdb8eec9f1a895f98cc00d55d91"}, {"48": "5ea994019ab6dcdb8eec9f1a895f98cc00d55d91"}, {"49": "2e10243167655e7c42f41116d157ab19cec7e14f"}, {"50": "2e10243167655e7c42f41116d157ab19cec7e14f"}, {"51": "2e10243167655e7c42f41116d157ab19cec7e14f"}, {"52": "2e10243167655e7c42f41116d157ab19cec7e14f"}, {"53": "2e10243167655e7c42f41116d157ab19cec7e14f"}], "ctags": [{"_type": "tag", "name": "App", "path": "/home/kavia/workspace/code-generation/color-match-puzzle-199784-199794/candy_crush_frontend/src/App.js", "pattern": "/^function App() {$/", "language": "JavaScript", "kind": "function", "signature": "()"}, {"_type": "tag", "name": "INITIAL_MOVES", "path": "/home/kavia/workspace/code-generation/color-match-puzzle-199784-199794/candy_crush_frontend/src/App.js", "pattern": "/^const INITIAL_MOVES = 20;$/", "language": "JavaScript", "kind": "constant"}, {"_type": "tag", "name": "board", "path": "/home/kavia/workspace/code-generation/color-match-puzzle-199784-199794/candy_crush_frontend/src/App.js", "pattern": "/^            board={board}$/", "language": "JavaScript", "kind": "field", "scope": "App.board", "scopeKind": "class"}, {"_type": "tag", "name": "clearingSet", "path": "/home/kavia/workspace/code-generation/color-match-puzzle-199784-199794/candy_crush_frontend/src/App.js", "pattern": "/^            clearingSet={clearingSet}$/", "language": "JavaScript", "kind": "field", "scope": "App.clearingSet", "scopeKind": "class"}, {"_type": "tag", "name": "handleCellActivate", "path": "/home/kavia/workspace/code-generation/color-match-puzzle-199784-199794/candy_crush_frontend/src/App.js", "pattern": "/^            onCellActivate={handleCellActivate}$/", "language": "JavaScript", "kind": "field", "scope": "App.onCellActivate", "scopeKind": "class"}, {"_type": "tag", "name": "invalidPulse", "path": "/home/kavia/workspace/code-generation/color-match-puzzle-199784-199794/candy_crush_frontend/src/App.js", "pattern": "/^            invalidPulse={invalidPulse}$/", "language": "JavaScript", "kind": "field", "scope": "App.invalidPulse", "scopeKind": "class"}, {"_type": "tag", "name": "isBusy", "path": "/home/kavia/workspace/code-generation/color-match-puzzle-199784-199794/candy_crush_frontend/src/App.js", "pattern": "/^            disabled={isBusy || settingsOpen || !canMove}$/", "language": "JavaScript", "kind": "field", "scope": "App.disabled", "scopeKind": "class"}, {"_type": "tag", "name": "isBusy", "path": "/home/kavia/workspace/code-generation/color-match-puzzle-199784-199794/candy_crush_frontend/src/App.js", "pattern": "/^            isBusy={isBusy}$/", "language": "JavaScript", "kind": "field", "scope": "App.isBusy", "scopeKind": "class"}, {"_type": "tag", "name": "movesLeft", "path": "/home/kavia/workspace/code-generation/color-match-puzzle-199784-199794/candy_crush_frontend/src/App.js", "pattern": "/^            movesLeft={movesLeft}$/", "language": "JavaScript", "kind": "field", "scope": "App.movesLeft", "scopeKind": "class"}, {"_type": "tag", "name": "muted", "path": "/home/kavia/workspace/code-generation/color-match-puzzle-199784-199794/candy_crush_frontend/src/App.js", "pattern": "/^          muted={muted}$/", "language": "JavaScript", "kind": "field", "scope": "App.muted", "scopeKind": "class"}, {"_type": "tag", "name": "reducedMotion", "path": "/home/kavia/workspace/code-generation/color-match-puzzle-199784-199794/candy_crush_frontend/src/App.js", "pattern": "/^          reducedMotion={reducedMotion}$/", "language": "JavaScript", "kind": "field", "scope": "App.reducedMotion", "scopeKind": "class"}, {"_type": "tag", "name": "selectedIndex", "path": "/home/kavia/workspace/code-generation/color-match-puzzle-199784-199794/candy_crush_frontend/src/App.js", "pattern": "/^            selectedIndex={selectedIndex}$/", "language": "JavaScript", "kind": "field", "scope": "App.selectedIndex", "scopeKind": "class"}, {"_type": "tag", "name": "setMuted", "path": "/home/kavia/workspace/code-generation/color-match-puzzle-199784-199794/candy_crush_frontend/src/App.js", "pattern": "/^          onMutedChange={setMuted}$/", "language": "JavaScript", "kind": "field", "scope": "App.onMutedChange", "scopeKind": "class"}, {"_type": "tag", "name": "setReducedMotion", "path": "/home/kavia/workspace/code-generation/color-match-puzzle-199784-199794/candy_crush_frontend/src/App.js", "pattern": "/^          onReducedMotionChange={setReducedMotion}$/", "language": "JavaScript", "kind": "field", "scope": "App.onReducedMotionChange", "scopeKind": "class"}, {"_type": "tag", "name": "setVolume", "path": "/home/kavia/workspace/code-generation/color-match-puzzle-199784-199794/candy_crush_frontend/src/App.js", "pattern": "/^          onVolumeChange={setVolume}$/", "language": "JavaScript", "kind": "field", "scope": "App.onVolumeChange", "scopeKind": "class"}, {"_type": "tag", "name": "settingsOpen", "path": "/home/kavia/workspace/code-generation/color-match-puzzle-199784-199794/candy_crush_frontend/src/App.js", "pattern": "/^          open={settingsOpen}$/", "language": "JavaScript", "kind": "field", "scope": "App.open", "scopeKind": "class"}, {"_type": "tag", "name": "sleep", "path": "/home/kavia/workspace/code-generation/color-match-puzzle-199784-199794/candy_crush_frontend/src/App.js", "pattern": "/^function sleep(ms) {$/", "language": "JavaScript", "kind": "function", "signature": "(ms)"}, {"_type": "tag", "name": "startNewGame", "path": "/home/kavia/workspace/code-generation/color-match-puzzle-199784-199794/candy_crush_frontend/src/App.js", "pattern": "/^            onNewGame={startNewGame}$/", "language": "JavaScript", "kind": "field", "scope": "App.onNewGame", "scopeKind": "class"}, {"_type": "tag", "name": "swapPair", "path": "/home/kavia/workspace/code-generation/color-match-puzzle-199784-199794/candy_crush_frontend/src/App.js", "pattern": "/^            swapPair={swapPair}$/", "language": "JavaScript", "kind": "field", "scope": "App.swapPair", "scopeKind": "class"}, {"_type": "tag", "name": "swapPhase", "path": "/home/kavia/workspace/code-generation/color-match-puzzle-199784-199794/candy_crush_frontend/src/App.js", "pattern": "/^            swapPhase={swapPhase}$/", "language": "JavaScript", "kind": "field", "scope": "App.swapPhase", "scopeKind": "class"}, {"_type": "tag", "name": "targetScoreForLevel", "path": "/home/kavia/workspace/code-generation/color-match-puzzle-199784-199794/candy_crush_frontend/src/App.js", "pattern": "/^function targetScoreForLevel(level) {$/", "language": "JavaScript", "kind": "function", "signature": "(level)"}, {"_type": "tag", "name": "volume", "path": "/home/kavia/workspace/code-generation/color-match-puzzle-199784-199794/candy_crush_frontend/src/App.js", "pattern": "/^          volume={volume}$/", "language": "JavaScript", "kind": "field", "scope": "App.volume", "scopeKind": "class"}], "hash": "e58a3e8507e61972a8bf72c28d85b6b6", "format-version": 4, "code-base-name": "candy_crush_frontend", "filename": "candy_crush_frontend/src/App.js", "fields": [{"name": "board={board}", "scope": "App.board", "scopeKind": "class", "description": "unavailable"}, {"name": "clearingSet={clearingSet}", "scope": "App.clearingSet", "scopeKind": "class", "description": "unavailable"}, {"name": "onCellActivate={handleCellActivate}", "scope": "App.onCellActivate", "scopeKind": "class", "description": "unavailable"}, {"name": "invalidPulse={invalidPulse}", "scope": "App.invalidPulse", "scopeKind": "class", "description": "unavailable"}, {"name": "disabled={isBusy || settingsOpen || !canMove}", "scope": "App.disabled", "scopeKind": "class", "description": "unavailable"}, {"name": "isBusy={isBusy}", "scope": "App.isBusy", "scopeKind": "class", "description": "unavailable"}, {"name": "movesLeft={movesLeft}", "scope": "App.movesLeft", "scopeKind": "class", "description": "unavailable"}, {"name": "muted={muted}", "scope": "App.muted", "scopeKind": "class", "description": "unavailable"}, {"name": "reducedMotion={reducedMotion}", "scope": "App.reducedMotion", "scopeKind": "class", "description": "unavailable"}, {"name": "selectedIndex={selectedIndex}", "scope": "App.selectedIndex", "scopeKind": "class", "description": "unavailable"}, {"name": "onMutedChange={setMuted}", "scope": "App.onMutedChange", "scopeKind": "class", "description": "unavailable"}, {"name": "onReducedMotionChange={setReducedMotion}", "scope": "App.onReducedMotionChange", "scopeKind": "class", "description": "unavailable"}, {"name": "onVolumeChange={setVolume}", "scope": "App.onVolumeChange", "scopeKind": "class", "description": "unavailable"}, {"name": "open={settingsOpen}", "scope": "App.open", "scopeKind": "class", "description": "unavailable"}, {"name": "onNewGame={startNewGame}", "scope": "App.onNewGame", "scopeKind": "class", "description": "unavailable"}, {"name": "swapPair={swapPair}", "scope": "App.swapPair", "scopeKind": "class", "description": "unavailable"}, {"name": "swapPhase={swapPhase}", "scope": "App.swapPhase", "scopeKind": "class", "description": "unavailable"}, {"name": "volume={volume}", "scope": "App.volume", "scopeKind": "class", "description": "unavailable"}]}