{"is_source_file": true, "format": "JavaScript", "description": "This file is the main React component for the Candy Crush-style game frontend. It manages game state, UI rendering, user interactions, and integrates utility functions for game mechanics and sound effects.", "external_files": ["./components/Controls", "./components/GameBoard", "./components/HUD", "./components/SettingsModal", "./utils/gameUtils", "./utils/sound", "./App.css"], "external_methods": ["createSoundPlayer", "applyGravityAndRefill", "areAdjacent", "clearMatches", "createInitialBoard", "findMatches", "scoreForMatchGroups", "swapCells"], "published": ["App"], "classes": [], "methods": [{"name": "targetScoreForLevel(level)", "description": "Calculates the target score needed to complete a given level.", "scope": "", "scopeKind": ""}, {"name": "sleep(ms)", "description": "Returns a promise that resolves after a specified number of milliseconds, used for delays.", "scope": "", "scopeKind": ""}, {"name": "startNewGame", "description": "Initializes the game state for a new game session."}, {"name": "startNextLevel", "description": "Advances the game to the next level, resetting scores and board."}, {"name": "resolveBoard", "description": "Continuously resolves matches and cascades until the board stabilizes after a move."}, {"name": "handleCellActivate", "description": "Handles user interaction when activating a cell, managing swaps, matches, and cascade resolution."}, {"name": "App()", "scope": "", "scopeKind": "", "description": "unavailable"}], "calls": ["createSoundPlayer", "applyGravityAndRefill", "areAdjacent", "clearMatches", "createInitialBoard", "findMatches", "scoreForMatchGroups", "swapCells", "setTimeout", "sleep"], "search-terms": ["CandyCrush", "React game component", "game state management", "match-3", "component hierarchy", "useEffect", "useState", "useMemo", "useRef", "async resolve", "game logic", "UI rendering"], "state": 2, "file_id": 10, "knowledge_revision": 48, "git_revision": "5ea994019ab6dcdb8eec9f1a895f98cc00d55d91", "revision_history": [{"25": "67c2b2139f3bc90982f861bf98730205fd9d7c1e"}, {"41": "67c2b2139f3bc90982f861bf98730205fd9d7c1e"}, {"46": "5ea994019ab6dcdb8eec9f1a895f98cc00d55d91"}, {"47": "5ea994019ab6dcdb8eec9f1a895f98cc00d55d91"}, {"48": "5ea994019ab6dcdb8eec9f1a895f98cc00d55d91"}], "ctags": [{"_type": "tag", "name": "App", "path": "/home/kavia/workspace/code-generation/color-match-puzzle-199784-199794/candy_crush_frontend/src/App.js", "pattern": "/^function App() {$/", "language": "JavaScript", "kind": "function", "signature": "()"}, {"_type": "tag", "name": "INITIAL_MOVES", "path": "/home/kavia/workspace/code-generation/color-match-puzzle-199784-199794/candy_crush_frontend/src/App.js", "pattern": "/^const INITIAL_MOVES = 20;$/", "language": "JavaScript", "kind": "constant"}, {"_type": "tag", "name": "board", "path": "/home/kavia/workspace/code-generation/color-match-puzzle-199784-199794/candy_crush_frontend/src/App.js", "pattern": "/^            board={board}$/", "language": "JavaScript", "kind": "field", "scope": "App.board", "scopeKind": "class"}, {"_type": "tag", "name": "clearingSet", "path": "/home/kavia/workspace/code-generation/color-match-puzzle-199784-199794/candy_crush_frontend/src/App.js", "pattern": "/^            clearingSet={clearingSet}$/", "language": "JavaScript", "kind": "field", "scope": "App.clearingSet", "scopeKind": "class"}, {"_type": "tag", "name": "handleCellActivate", "path": "/home/kavia/workspace/code-generation/color-match-puzzle-199784-199794/candy_crush_frontend/src/App.js", "pattern": "/^            onCellActivate={handleCellActivate}$/", "language": "JavaScript", "kind": "field", "scope": "App.onCellActivate", "scopeKind": "class"}, {"_type": "tag", "name": "isBusy", "path": "/home/kavia/workspace/code-generation/color-match-puzzle-199784-199794/candy_crush_frontend/src/App.js", "pattern": "/^            disabled={isBusy || settingsOpen || !canMove}$/", "language": "JavaScript", "kind": "field", "scope": "App.disabled", "scopeKind": "class"}, {"_type": "tag", "name": "isBusy", "path": "/home/kavia/workspace/code-generation/color-match-puzzle-199784-199794/candy_crush_frontend/src/App.js", "pattern": "/^            isBusy={isBusy}$/", "language": "JavaScript", "kind": "field", "scope": "App.isBusy", "scopeKind": "class"}, {"_type": "tag", "name": "movesLeft", "path": "/home/kavia/workspace/code-generation/color-match-puzzle-199784-199794/candy_crush_frontend/src/App.js", "pattern": "/^            movesLeft={movesLeft}$/", "language": "JavaScript", "kind": "field", "scope": "App.movesLeft", "scopeKind": "class"}, {"_type": "tag", "name": "muted", "path": "/home/kavia/workspace/code-generation/color-match-puzzle-199784-199794/candy_crush_frontend/src/App.js", "pattern": "/^          muted={muted}$/", "language": "JavaScript", "kind": "field", "scope": "App.muted", "scopeKind": "class"}, {"_type": "tag", "name": "reducedMotion", "path": "/home/kavia/workspace/code-generation/color-match-puzzle-199784-199794/candy_crush_frontend/src/App.js", "pattern": "/^          reducedMotion={reducedMotion}$/", "language": "JavaScript", "kind": "field", "scope": "App.reducedMotion", "scopeKind": "class"}, {"_type": "tag", "name": "selectedIndex", "path": "/home/kavia/workspace/code-generation/color-match-puzzle-199784-199794/candy_crush_frontend/src/App.js", "pattern": "/^            selectedIndex={selectedIndex}$/", "language": "JavaScript", "kind": "field", "scope": "App.selectedIndex", "scopeKind": "class"}, {"_type": "tag", "name": "setMuted", "path": "/home/kavia/workspace/code-generation/color-match-puzzle-199784-199794/candy_crush_frontend/src/App.js", "pattern": "/^          onMutedChange={setMuted}$/", "language": "JavaScript", "kind": "field", "scope": "App.onMutedChange", "scopeKind": "class"}, {"_type": "tag", "name": "setReducedMotion", "path": "/home/kavia/workspace/code-generation/color-match-puzzle-199784-199794/candy_crush_frontend/src/App.js", "pattern": "/^          onReducedMotionChange={setReducedMotion}$/", "language": "JavaScript", "kind": "field", "scope": "App.onReducedMotionChange", "scopeKind": "class"}, {"_type": "tag", "name": "settingsOpen", "path": "/home/kavia/workspace/code-generation/color-match-puzzle-199784-199794/candy_crush_frontend/src/App.js", "pattern": "/^          open={settingsOpen}$/", "language": "JavaScript", "kind": "field", "scope": "App.open", "scopeKind": "class"}, {"_type": "tag", "name": "sleep", "path": "/home/kavia/workspace/code-generation/color-match-puzzle-199784-199794/candy_crush_frontend/src/App.js", "pattern": "/^function sleep(ms) {$/", "language": "JavaScript", "kind": "function", "signature": "(ms)"}, {"_type": "tag", "name": "startNewGame", "path": "/home/kavia/workspace/code-generation/color-match-puzzle-199784-199794/candy_crush_frontend/src/App.js", "pattern": "/^            onNewGame={startNewGame}$/", "language": "JavaScript", "kind": "field", "scope": "App.onNewGame", "scopeKind": "class"}, {"_type": "tag", "name": "targetScoreForLevel", "path": "/home/kavia/workspace/code-generation/color-match-puzzle-199784-199794/candy_crush_frontend/src/App.js", "pattern": "/^function targetScoreForLevel(level) {$/", "language": "JavaScript", "kind": "function", "signature": "(level)"}, {"_type": "tag", "name": "volume", "path": "/home/kavia/workspace/code-generation/color-match-puzzle-199784-199794/candy_crush_frontend/src/App.js", "pattern": "/^          volume={volume}$/", "language": "JavaScript", "kind": "field", "scope": "App.volume", "scopeKind": "class"}], "hash": "65e4d52798717901d0ed26aeedb3774f", "format-version": 4, "code-base-name": "candy_crush_frontend", "filename": "candy_crush_frontend/src/App.js", "fields": [{"name": "board={board}", "scope": "App.board", "scopeKind": "class", "description": "unavailable"}, {"name": "clearingSet={clearingSet}", "scope": "App.clearingSet", "scopeKind": "class", "description": "unavailable"}, {"name": "onCellActivate={handleCellActivate}", "scope": "App.onCellActivate", "scopeKind": "class", "description": "unavailable"}, {"name": "disabled={isBusy || settingsOpen || !canMove}", "scope": "App.disabled", "scopeKind": "class", "description": "unavailable"}, {"name": "isBusy={isBusy}", "scope": "App.isBusy", "scopeKind": "class", "description": "unavailable"}, {"name": "movesLeft={movesLeft}", "scope": "App.movesLeft", "scopeKind": "class", "description": "unavailable"}, {"name": "muted={muted}", "scope": "App.muted", "scopeKind": "class", "description": "unavailable"}, {"name": "reducedMotion={reducedMotion}", "scope": "App.reducedMotion", "scopeKind": "class", "description": "unavailable"}, {"name": "selectedIndex={selectedIndex}", "scope": "App.selectedIndex", "scopeKind": "class", "description": "unavailable"}, {"name": "onMutedChange={setMuted}", "scope": "App.onMutedChange", "scopeKind": "class", "description": "unavailable"}, {"name": "onReducedMotionChange={setReducedMotion}", "scope": "App.onReducedMotionChange", "scopeKind": "class", "description": "unavailable"}, {"name": "open={settingsOpen}", "scope": "App.open", "scopeKind": "class", "description": "unavailable"}, {"name": "onNewGame={startNewGame}", "scope": "App.onNewGame", "scopeKind": "class", "description": "unavailable"}, {"name": "volume={volume}", "scope": "App.volume", "scopeKind": "class", "description": "unavailable"}]}