{"is_source_file": true, "format": "JavaScript (React component)", "description": "This file defines a React functional component called SettingsModal which renders a modal for user settings such as mute, volume, and reduced motion. It manages focus, handles keyboard events for closing the modal, and calls callback functions when settings are changed.", "external_files": [], "external_methods": ["React.useEffect", "React.useRef"], "published": ["default export: SettingsModal"], "classes": [], "methods": [{"name": "SettingsModal({ open, muted, volume, reducedMotion, onClose, onMutedChange, onVolumeChange, onReducedMotionChange })", "description": "React functional component rendering a modal dialog for user settings. Handles focus, keyboard events, and user input for mute, volume, and reduced motion options.", "scope": "", "scopeKind": ""}], "calls": ["React.useEffect", "React.useRef", "window.addEventListener", "window.removeEventListener", "onClose", "onMutedChange", "onVolumeChange", "onReducedMotionChange"], "search-terms": ["SettingsModal", "React", "useEffect", "useRef", "modal dialog", "settings component", "mute", "volume", "reduced motion"], "state": 2, "file_id": 19, "knowledge_revision": 40, "git_revision": "", "ctags": [{"_type": "tag", "name": "SettingsModal", "path": "/home/kavia/workspace/code-generation/color-match-puzzle-199784-199794/candy_crush_frontend/src/components/SettingsModal.js", "pattern": "/^export default function SettingsModal({$/", "language": "JavaScript", "kind": "function", "signature": "({ open, muted, volume, reducedMotion, onClose, onMutedChange, onVolumeChange, onReducedMotionChange })"}, {"_type": "tag", "name": "closeBtnRef", "path": "/home/kavia/workspace/code-generation/color-match-puzzle-199784-199794/candy_crush_frontend/src/components/SettingsModal.js", "pattern": "/^            ref={closeBtnRef}$/", "language": "JavaScript", "kind": "field", "scope": "SettingsModal.ref", "scopeKind": "class"}, {"_type": "tag", "name": "muted", "path": "/home/kavia/workspace/code-generation/color-match-puzzle-199784-199794/candy_crush_frontend/src/components/SettingsModal.js", "pattern": "/^              checked={muted}$/", "language": "JavaScript", "kind": "field", "scope": "SettingsModal.checked", "scopeKind": "class"}, {"_type": "tag", "name": "muted", "path": "/home/kavia/workspace/code-generation/color-match-puzzle-199784-199794/candy_crush_frontend/src/components/SettingsModal.js", "pattern": "/^              disabled={muted}$/", "language": "JavaScript", "kind": "field", "scope": "SettingsModal.disabled", "scopeKind": "class"}, {"_type": "tag", "name": "onClose", "path": "/home/kavia/workspace/code-generation/color-match-puzzle-199784-199794/candy_crush_frontend/src/components/SettingsModal.js", "pattern": "/^            onClick={onClose}$/", "language": "JavaScript", "kind": "field", "scope": "SettingsModal.onClick", "scopeKind": "class"}, {"_type": "tag", "name": "reducedMotion", "path": "/home/kavia/workspace/code-generation/color-match-puzzle-199784-199794/candy_crush_frontend/src/components/SettingsModal.js", "pattern": "/^              checked={reducedMotion}$/", "language": "JavaScript", "kind": "field", "scope": "SettingsModal.checked", "scopeKind": "class"}, {"_type": "tag", "name": "volume", "path": "/home/kavia/workspace/code-generation/color-match-puzzle-199784-199794/candy_crush_frontend/src/components/SettingsModal.js", "pattern": "/^              value={volume}$/", "language": "JavaScript", "kind": "field", "scope": "SettingsModal.value", "scopeKind": "class"}], "hash": "00317d29f4ddaad2234b07f66a4b163d", "format-version": 4, "code-base-name": "candy_crush_frontend", "filename": "candy_crush_frontend/src/components/SettingsModal.js", "fields": [{"name": "ref={closeBtnRef}", "scope": "SettingsModal.ref", "scopeKind": "class", "description": "unavailable"}, {"name": "checked={muted}", "scope": "SettingsModal.checked", "scopeKind": "class", "description": "unavailable"}, {"name": "disabled={muted}", "scope": "SettingsModal.disabled", "scopeKind": "class", "description": "unavailable"}, {"name": "onClick={onClose}", "scope": "SettingsModal.onClick", "scopeKind": "class", "description": "unavailable"}, {"name": "checked={reducedMotion}", "scope": "SettingsModal.checked", "scopeKind": "class", "description": "unavailable"}, {"name": "value={volume}", "scope": "SettingsModal.value", "scopeKind": "class", "description": "unavailable"}], "revision_history": [{"40": ""}]}