{"is_source_file": false, "format": "", "description": "", "external_files": [], "external_methods": [], "published": [], "classes": [], "methods": [], "calls": [], "search-terms": [], "state": 2, "file_id": 11, "knowledge_revision": 26, "git_revision": "67c2b2139f3bc90982f861bf98730205fd9d7c1e", "hash": "96ccdb7ccd9e99a3d521bf6846d09458", "format-version": 4, "code-base-name": "candy_crush_frontend", "filename": "candy_crush_frontend/package.json", "revision_history": [{"26": "67c2b2139f3bc90982f861bf98730205fd9d7c1e"}]}