{"is_source_file": true, "format": "JavaScript", "description": "This file defines a React functional component named Controls that renders a footer with game control buttons and information about remaining moves.", "external_files": ["react"], "external_methods": ["React"], "published": ["default"], "classes": [], "methods": [{"name": "Controls({ movesLeft, onNewGame, onToggleSettings, isBusy })", "description": "A React functional component that renders game control UI elements, accepting props for moves left, handlers for starting a new game and toggling settings, and a busy state.", "scope": "", "scopeKind": ""}], "calls": ["onToggleSettings", "onNewGame"], "search-terms": ["React functional component", "Controls", "game controls", "Moves left", "Settings button", "New Game button", "src/components/Controls.js"], "state": 2, "file_id": 18, "knowledge_revision": 38, "git_revision": "", "ctags": [{"_type": "tag", "name": "Controls", "path": "/home/kavia/workspace/code-generation/color-match-puzzle-199784-199794/candy_crush_frontend/src/components/Controls.js", "pattern": "/^export default function Controls({$/", "language": "JavaScript", "kind": "function", "signature": "({ movesLeft, onNewGame, onToggleSettings, isBusy })"}], "hash": "e436f06d6ae9302aeecb8c2fe7e430df", "format-version": 4, "code-base-name": "candy_crush_frontend", "filename": "candy_crush_frontend/src/components/Controls.js", "revision_history": [{"38": ""}]}