{"is_source_file": true, "format": "JavaScript (React component)", "description": "This file defines a React functional component named HUD that renders the top head-up display (HUD) area of a game interface, showing game stats such as level, score, and target score.", "external_files": [], "external_methods": [], "published": ["HUD"], "classes": [], "methods": [{"name": "HUD({ level, score, targetScore })", "description": "React functional component that displays game statistics such as level, score, and target score in the HUD.", "scope": "", "scopeKind": ""}], "calls": ["React"], "search-terms": ["HUD", "React component", "game HUD", "score display", "level indicator"], "state": 2, "file_id": 17, "knowledge_revision": 37, "git_revision": "", "ctags": [{"_type": "tag", "name": "HUD", "path": "/home/kavia/workspace/code-generation/color-match-puzzle-199784-199794/candy_crush_frontend/src/components/HUD.js", "pattern": "/^export default function HUD({ level, score, targetScore }) {$/", "language": "JavaScript", "kind": "function", "signature": "({ level, score, targetScore })"}], "hash": "430531a258b0480da8ca10a359383e27", "format-version": 4, "code-base-name": "candy_crush_frontend", "filename": "candy_crush_frontend/src/components/HUD.js", "revision_history": [{"37": ""}]}