{"is_source_file": false, "format": "", "description": "", "external_files": [], "external_methods": [], "published": [], "classes": [], "methods": [], "calls": [], "search-terms": [], "state": 2, "file_id": 11, "knowledge_revision": 58, "git_revision": "5ea994019ab6dcdb8eec9f1a895f98cc00d55d91", "hash": "f578a9eed941093673eb3e8b50e1bea1", "format-version": 4, "code-base-name": "candy_crush_frontend", "filename": "candy_crush_frontend/package.json", "revision_history": [{"58": "5ea994019ab6dcdb8eec9f1a895f98cc00d55d91"}]}