{"is_source_file": false, "format": "", "description": "", "external_files": [], "external_methods": [], "published": [], "classes": [], "methods": [], "calls": [], "search-terms": [], "state": 2, "file_id": 5, "knowledge_revision": 22, "git_revision": "67c2b2139f3bc90982f861bf98730205fd9d7c1e", "ctags": [], "hash": "1a77571e1a8cf36018a41bcedf60db75", "format-version": 4, "code-base-name": "candy_crush_frontend", "filename": "candy_crush_frontend/src/setupTests.js", "revision_history": [{"22": "67c2b2139f3bc90982f861bf98730205fd9d7c1e"}]}