{"is_source_file": true, "format": "JavaScript (React JSX)", "description": "This file defines a React functional component 'GameBoard' for rendering and interacting with a Candy Crush-style game board. It manages focus, keyboard navigation, and user interactions with the cells, utilizing hooks such as useState, useEffect, useRef, and useMemo.", "external_files": ["./Candy", "../utils/gameUtils"], "external_methods": ["getBoardSize"], "published": ["GameBoard"], "classes": [], "methods": [{"name": "clamp(n, min, max)", "description": "Clamps a number between a minimum and maximum value to prevent out-of-bounds indices.", "scope": "", "scopeKind": ""}, {"name": "onKeyDown", "description": "Handles keyboard events for navigating the game board via arrow keys and activating cells with Enter or Space."}, {"name": "GameBoard({ board, selectedIndex, clearingSet, onCellActivate, disabled })", "scope": "", "scopeKind": "", "description": "unavailable"}], "calls": ["setFocusIndex", "onCellActivate", "clamp", "setFocusIndex", "el.focus"], "search-terms": ["GameBoard", "Candy", "cellRefs", "useEffect", "keyboard navigation", "focus management", "board rendering"], "state": 2, "file_id": 16, "knowledge_revision": 34, "git_revision": "", "ctags": [{"_type": "tag", "name": "BOARD_SIZE", "path": "/home/kavia/workspace/code-generation/color-match-puzzle-199784-199794/candy_crush_frontend/src/components/GameBoard.js", "pattern": "/^        aria-colcount={BOARD_SIZE}$/", "language": "JavaScript", "kind": "field", "scope": "GameBoard.aria", "scopeKind": "class"}, {"_type": "tag", "name": "BOARD_SIZE", "path": "/home/kavia/workspace/code-generation/color-match-puzzle-199784-199794/candy_crush_frontend/src/components/GameBoard.js", "pattern": "/^        aria-rowcount={BOARD_SIZE}$/", "language": "JavaScript", "kind": "field", "scope": "GameBoard.aria", "scopeKind": "class"}, {"_type": "tag", "name": "BOARD_SIZE", "path": "/home/kavia/workspace/code-generation/color-match-puzzle-199784-199794/candy_crush_frontend/src/components/GameBoard.js", "pattern": "/^const BOARD_SIZE = getBoardSize();$/", "language": "JavaScript", "kind": "constant"}, {"_type": "tag", "name": "GameBoard", "path": "/home/kavia/workspace/code-generation/color-match-puzzle-199784-199794/candy_crush_frontend/src/components/GameBoard.js", "pattern": "/^export default function GameBoard({$/", "language": "JavaScript", "kind": "function", "signature": "({ board, selectedIndex, clearingSet, onCellActivate, disabled })"}, {"_type": "tag", "name": "clamp", "path": "/home/kavia/workspace/code-generation/color-match-puzzle-199784-199794/candy_crush_frontend/src/components/GameBoard.js", "pattern": "/^function clamp(n, min, max) {$/", "language": "JavaScript", "kind": "function", "signature": "(n, min, max)"}, {"_type": "tag", "name": "onKeyDown", "path": "/home/kavia/workspace/code-generation/color-match-puzzle-199784-199794/candy_crush_frontend/src/components/GameBoard.js", "pattern": "/^        onKeyDown={onKeyDown}$/", "language": "JavaScript", "kind": "field", "scope": "GameBoard.onKeyDown", "scopeKind": "class"}], "hash": "8632bd163664363c14849d70e6e1f4a1", "format-version": 4, "code-base-name": "candy_crush_frontend", "filename": "candy_crush_frontend/src/components/GameBoard.js", "fields": [{"name": "aria-colcount={BOARD_SIZE}", "scope": "GameBoard.aria", "scopeKind": "class", "description": "unavailable"}, {"name": "aria-rowcount={BOARD_SIZE}", "scope": "GameBoard.aria", "scopeKind": "class", "description": "unavailable"}, {"name": "onKeyDown={onKeyDown}", "scope": "GameBoard.onKeyDown", "scopeKind": "class", "description": "unavailable"}], "revision_history": [{"34": ""}]}