{"is_source_file": false, "format": "", "description": "", "external_files": [], "external_methods": [], "published": [], "classes": [], "methods": [], "calls": [], "search-terms": [], "state": 2, "file_id": 1, "knowledge_revision": 20, "git_revision": "efb027c26799a9a0f54729ff535b96cb597236d0", "hash": "c19219435e9266c2542af946c274b0b8", "format-version": 4, "code-base-name": "candy_crush_frontend", "filename": "README.md", "revision_history": [{"20": "efb027c26799a9a0f54729ff535b96cb597236d0"}]}